,A,B,C,community,medium
D6,0.0027187958814474714,0.005377561926480884,0.04976067167215512,0.028163497702022106,
D19,0.004734794878327852,0.0002302284284560717,0.1667899754435865,0.02816150675283493,
